{"cameraMode":{"drawMode":0,"name":"Shaded","section":"Shading Mode"},"sceneLighting":true,"audioPlay":false,"sceneViewState":{"showFog":true,"showMaterialUpdate":false,"showSkybox":true,"showFlares":true,"showImageEffects":true,"showParticleSystems":true},"in2DMode":false,"pivot":{"x":19.971755981445314,"y":35.219722747802737,"z":26.422088623046876},"rotation":{"x":-0.13940170407295228,"y":0.383209764957428,"z":-0.058626506477594379,"w":-0.9112034440040588},"size":121.6600570678711,"orthographic":false}