{"cameraMode":{"drawMode":0,"name":"Shaded","section":"Shading Mode"},"sceneLighting":true,"audioPlay":false,"sceneViewState":{"showFog":true,"showMaterialUpdate":false,"showSkybox":true,"showFlares":true,"showImageEffects":true,"showParticleSystems":true},"in2DMode":false,"pivot":{"x":1.1477081775665284,"y":0.46045225858688357,"z":-1.1238280534744263},"rotation":{"x":-0.019797811284661294,"y":0.03358405455946922,"z":-0.0006638211198151112,"w":-0.9992467164993286},"size":17.390823364257814,"orthographic":true}