{"cameraMode":{"drawMode":0,"name":"Shaded","section":"Shading Mode"},"sceneLighting":true,"audioPlay":false,"sceneViewState":{"showFog":true,"showMaterialUpdate":false,"showSkybox":true,"showFlares":true,"showImageEffects":true,"showParticleSystems":true},"in2DMode":false,"pivot":{"x":-2.377720832824707,"y":-0.4434492290019989,"z":-2.7094342708587648},"rotation":{"x":0.06354457139968872,"y":0.1363869309425354,"z":0.008766896091401577,"w":-0.9885782599449158},"size":2.8027639389038088,"orthographic":false}